Study interval,Participant-days,Sensor coverage,Decision coverage,Pair-set coverage,No-call rate,Unrestricted top-1 balanced accuracy
2022,629,0.958664546899841,0.4737678855325914,0.6476510067114094,0.5262321144674086,0.37292519836367133
2024,330,1.0,0.4,0.7045454545454546,0.6,0.332089212239709
