True phase,Participant-days,Decision coverage,Pair-set coverage,No-call rate
Menstrual,169,0.4970414201183432,0.5952380952380952,0.5029585798816568
Follicular,250,0.332,0.6987951807228916,0.668
Fertility,221,0.45248868778280543,0.84,0.5475113122171946
Luteal,319,0.5109717868338558,0.5766871165644172,0.4890282131661442
