Sensor route,Participant-days,Decision coverage,Pair-set coverage,No-call rate
Equal fusion,798,0.44862155388471175,0.6452513966480447,0.5513784461152882
Neither sensor,26,0.0,,1.0
RHR expert,49,0.7755102040816326,0.6052631578947368,0.22448979591836735
Temperature expert,86,0.3953488372093023,0.9411764705882353,0.6046511627906976
